index,horizon_days,VIX-only_QLIKE,core OLS (full)_QLIKE,Hybrid (BI-Mamba)_QLIKE,p_Hybrid_vs_core,p_Hybrid_vs_VIX
DJI,1,2.9890,3.3080,2.6867,0.0000,0.0000
DJI,5,0.4425,0.4917,0.3995,0.1224,0.3702
DJI,10,0.3486,0.3851,0.3167,0.3070,0.4870
DJI,21,0.2521,0.2604,0.2626,0.9561,0.7701
IXIC,1,4.3839,4.1950,3.4178,0.0000,0.0000
IXIC,5,0.6613,0.6092,0.3965,0.0080,0.0068
IXIC,10,0.5721,0.5300,0.3894,0.0167,0.0222
IXIC,21,0.4751,0.4462,0.3438,0.0905,0.0831
NYA,1,2.3299,2.6235,2.2118,0.0000,0.0395
NYA,5,0.3951,0.4378,0.4017,0.2438,0.5368
NYA,10,0.3425,0.3727,0.3582,0.4640,0.2838
NYA,21,0.2632,0.2662,0.2819,0.4862,0.5581
