index,row,RMSE,MAE,QLIKE,R2,Corr,RMSE_std,MAE_std,QLIKE_std,R2_std,Corr_std
DJI,persistence (RW),0.6128,0.4786,1.5578,-0.4949,0.2452,,,,,
DJI,EWMA (l=.94),0.5338,0.4145,0.5316,-0.1342,0.27,,,,,
DJI,"GARCH(1,1)",0.5248,0.4064,0.4746,-0.0962,0.3215,,,,,
DJI,HAR-RV,0.4943,0.3822,0.6595,0.0273,0.2841,,,,,
DJI,VIX-only,0.4296,0.3326,0.4425,0.2654,0.5203,,,,,
DJI,core OLS (full),0.443,0.3427,0.4917,0.2187,0.4853,,,,,
DJI,Hybrid (BI-Mamba),0.4942,0.3898,0.408,0.0274,0.4807,0.0097,0.0116,0.0036,0.0379,0.0008
IXIC,persistence (RW),0.5596,0.4224,1.0006,-0.1805,0.4099,,,,,
IXIC,EWMA (l=.94),0.5273,0.4019,0.4939,-0.0482,0.3369,,,,,
IXIC,"GARCH(1,1)",0.4868,0.3679,0.4311,0.1069,0.4531,,,,,
IXIC,HAR-RV,0.4701,0.3558,0.625,0.1668,0.4374,,,,,
IXIC,VIX-only,0.4723,0.3741,0.6613,0.1592,0.4649,,,,,
IXIC,core OLS (full),0.4605,0.3614,0.6092,0.2005,0.4937,,,,,
IXIC,Hybrid (BI-Mamba),0.4688,0.3622,0.4012,0.1712,0.5111,0.0101,0.0079,0.0125,0.0361,0.0066
NYA,persistence (RW),0.5759,0.4436,1.0425,-0.4572,0.2686,,,,,
NYA,EWMA (l=.94),0.5122,0.4002,0.5382,-0.1525,0.2886,,,,,
NYA,"GARCH(1,1)",0.5122,0.3995,0.4739,-0.1527,0.353,,,,,
NYA,HAR-RV,0.4632,0.3529,0.596,0.0573,0.315,,,,,
NYA,VIX-only,0.4311,0.3276,0.3951,0.1835,0.5089,,,,,
NYA,core OLS (full),0.4299,0.3287,0.4378,0.1879,0.4926,,,,,
NYA,Hybrid (BI-Mamba),0.4456,0.3433,0.4025,0.1274,0.5038,0.0053,0.0044,0.0032,0.0208,0.0054
